<?xml version="1.0" encoding="UTF-8"?>
<project-private xmlns="http://www.netbeans.org/ns/project-private/1">
    <editor-bookmarks xmlns="http://www.netbeans.org/ns/editor-bookmarks/2" lastBookmarkId="0"/>
    <open-files xmlns="http://www.netbeans.org/ns/projectui-open-files/2">
        <group>
            <file>file:/C:/Users/Dell/Documents/NetBeansProjects/Digital%20Infirmary%20Record/src/login/login.java</file>
            <file>file:/C:/Users/Dell/Documents/NetBeansProjects/Digital%20Infirmary%20Record/src/login/home.java</file>
            <file>file:/C:/Users/Dell/Documents/NetBeansProjects/Digital%20Infirmary%20Record/src/login/fullhistoryofpatient.java</file>
            <file>file:/C:/Users/Dell/Documents/NetBeansProjects/Digital%20Infirmary%20Record/src/login/Studentdetails.java</file>
            <file>file:/C:/Users/Dell/Documents/NetBeansProjects/Digital%20Infirmary%20Record/src/login/addnewpatient.java</file>
            <file>file:/C:/Users/Dell/Documents/NetBeansProjects/Digital%20Infirmary%20Record/src/login/Removepatient.java</file>
            <file>file:/C:/Users/Dell/Documents/NetBeansProjects/Digital%20Infirmary%20Record/src/login/updatepatientrecord.java</file>
            <file>file:/C:/Users/Dell/Documents/NetBeansProjects/Digital%20Infirmary%20Record/src/login/Adddoctor.java</file>
            <file>file:/C:/Users/Dell/Documents/NetBeansProjects/Digital%20Infirmary%20Record/src/login/viewdoctordetails.java</file>
            <file>file:/C:/Users/Dell/Documents/NetBeansProjects/Digital%20Infirmary%20Record/src/login/Infirmaryinformation.java</file>
            <file>file:/C:/Users/Dell/Documents/NetBeansProjects/Digital%20Infirmary%20Record/src/login/University.java</file>
        </group>
    </open-files>
</project-private>
